key,L,runtime
28.856802_0.417647_0.970149,97300,204.34
32.347785_0.483333_0.869565,92000,257.56
