key,L,runtime
21.220417_0.426471_0.786885,71800,153.24
26.705846_0.397059_0.813559,65700,131.15
