key,L,runtime
20.035500_0.357143_0.818182,78600,164.12
22.878180_0.429348_0.892308,74200,158.00
32.318180_0.359091_0.754717,96000,203.89
