key,L,runtime
26.082973_0.323009_0.755102,118500,326.94
34.039406_0.313953_0.512195,110200,225.13
