key,L,runtime
22.394174_0.546053_0.961039,80200,216.26
31.160022_0.357143_0.730769,97500,264.44
