key,L,runtime
23.348705_0.460526_0.610169,69800,194.68
27.271753_0.287129_0.942308,128300,257.41
