key,L,runtime
29.565590_0.453125_0.830769,83500,176.26
29.838073_0.385714_0.789474,80100,216.33
