key,L,runtime
20.045692_0.229358_0.931818,89300,187.36
22.623460_0.347222_0.792453,114700,310.12
27.323171_0.334783_0.714286,120100,335.86
