key,L,runtime
25.718299_0.385714_0.789474,63400,136.96
27.151703_0.505495_0.842857,111800,236.53
33.913632_0.275424_0.744186,171100,362.20
