key,L,runtime
27.344817_0.418103_0.618182,80400,170.84
31.859313_0.274590_0.682927,204600,551.84
33.120248_0.516667_0.845070,107000,230.87
