key,L,runtime
25.333385_0.467290_0.693548,76500,160.12
32.733710_0.453125_0.830769,93600,186.43
