key,L,runtime
22.445741_0.369748_0.620000,81000,173.53
30.317189_0.412371_0.854839,87600,184.68
32.909569_0.426087_0.625000,101500,214.61
