key,L,runtime
19.824418_0.388000_0.510204,80300,216.54
19.891106_0.428571_0.970588,77100,164.78
31.923817_0.336066_0.608696,114200,245.95
