key,L,runtime
25.045267_0.524390_0.918919,99000,198.12
29.062849_0.321739_0.729167,119400,237.40
30.595178_0.238462_0.588235,105800,229.80
