key,L,runtime
22.481903_0.382353_0.607843,78200,168.27
31.752789_0.256000_0.657895,107000,292.95
33.517061_0.528090_0.847222,91100,246.92
