key,L,runtime
29.330719_0.250000_0.888889,61900,130.13
30.477257_0.250000_0.571429,106800,225.65
