key,L,runtime
31.508595_0.521552_0.539683,119100,251.84
31.864540_0.388350_0.810345,88100,246.66
