key,L,runtime
24.099732_0.448980_0.812500,53300,151.83
25.720144_0.296460_0.787234,240300,663.47
33.811419_0.279070_0.552632,173500,378.62
