key,L,runtime
25.068045_0.466102_0.551724,82100,222.17
34.638066_0.325581_0.500000,106500,293.04
