key,L,runtime
16.706065_0.242718_0.979167,84200,167.19
23.278416_0.333333_0.910714,101200,215.37
33.466299_0.531250_0.933333,97300,194.20
